no.frame,tile_numbers
1,4,5,11,12,13,19,20,21
2,4,5,11,12,13,19,20,21
3,4,5,11,12,13,19,20,21
4,4,5,11,12,13,19,20,21
5,4,5,11,12,13,19,20,21
6,4,5,11,12,13,19,20,21
7,4,5,11,12,13,19,20,21
8,4,5,11,12,13,19,20,21
9,4,5,11,12,13,19,20,21
10,4,5,11,12,13,19,20,21
11,4,5,11,12,13,19,20,21
12,4,5,11,12,13,19,20,21
13,4,5,11,12,13,19,20,21
14,4,5,11,12,13,19,20,21
15,4,5,11,12,13,19,20,21
16,4,5,11,12,13,19,20,21
17,4,5,11,12,13,19,20,21
18,4,5,11,12,13,19,20,21
19,4,5,11,12,13,19,20,21
20,4,5,11,12,13,19,20,21
21,4,5,11,12,13,19,20,21
22,4,5,11,12,13,19,20,21
23,4,5,11,12,13,19,20,21
24,4,5,11,12,13,19,20,21
25,4,5,11,12,13,19,20,21
26,4,5,11,12,13,19,20,21
27,4,5,11,12,13,19,20,21
28,4,5,11,12,13,19,20,21
29,4,5,11,12,13,19,20,21
30,4,5,11,12,13,19,20,21
31,4,5,12,13,11,19,20,21,29,28
32,4,5,12,13,11,19,20,21,29,28
33,4,5,12,13,11,19,20,21,29,28
34,4,5,12,13,11,19,20,21,29,28
35,4,5,12,13,11,19,20,21,29,28
36,4,5,12,13,11,19,20,21,29,28
37,4,5,12,13,11,19,20,21,29,28
38,4,5,12,13,11,19,20,21,29,28
39,4,5,12,13,11,19,20,21,29,28
40,4,5,12,13,11,19,20,21,29,28
41,4,5,12,13,11,19,20,21,29,28
42,4,5,12,13,11,19,20,21,29,28
43,4,5,12,13,11,19,20,21,29,28
44,4,5,12,13,11,19,20,21,29,28
45,4,5,12,13,11,19,20,21,29,28
46,12,13,11,19,20,21,28,29
47,12,13,11,19,20,21,28,29
48,12,13,11,19,20,21,28,29
49,12,13,11,19,20,21,28,29
50,12,13,11,19,20,21,28,29
51,12,13,11,19,20,21,28,29
52,12,13,11,19,20,21,28,29
53,12,13,11,19,20,21,28,29
54,12,13,11,19,20,21,28,29
55,12,13,11,19,20,21,28,29
56,12,13,11,19,20,21,28,29
57,12,13,11,19,20,21,28,29
58,12,13,11,19,20,21,28,29
59,12,13,11,19,20,21,28,29
60,12,13,11,19,20,21,28,29
61,12,13,11,19,20,21,28,29
62,12,13,11,19,20,21,28,29
63,12,13,11,19,20,21,28,29
64,12,13,11,19,20,21,28,29
65,12,13,11,19,20,21,28,29
66,12,13,11,19,20,21,28,29
67,12,13,11,19,20,21,28,29
68,12,13,11,19,20,21,28,29
69,12,13,11,19,20,21,28,29
70,12,13,11,19,20,21,28,29
71,12,13,11,19,20,21,28,29
72,12,13,11,19,20,21,28,29
73,12,13,11,19,20,21,28,29
74,12,13,11,19,20,21,28,29
75,12,13,11,19,20,21,28,29
76,12,13,11,19,20,21,28,29,22,14
77,12,13,11,19,20,21,28,29,22,14
78,12,13,11,19,20,21,28,29,22,14
79,12,13,11,19,20,21,28,29,22,14
80,12,13,11,19,20,21,28,29,22,14
81,12,13,11,19,20,21,28,29,22,14
82,12,13,11,19,20,21,28,29,22,14
83,12,13,11,19,20,21,28,29,22,14
84,12,13,11,19,20,21,28,29,22,14
85,12,13,11,19,20,21,28,29,22,14
86,12,13,11,19,20,21,28,29,22,14
87,12,13,11,19,20,21,28,29,22,14
88,12,13,11,19,20,21,28,29,22,14
89,12,13,11,19,20,21,28,29,22,14
90,12,13,11,19,20,21,28,29,22,14
91,12,13,14,20,21,22,28,29,19,11,27
92,12,13,14,20,21,22,28,29,19,11,27
93,12,13,14,20,21,22,28,29,19,11,27
94,12,13,14,20,21,22,28,29,19,11,27
95,12,13,14,20,21,22,28,29,19,11,27
96,12,13,14,20,21,22,28,29,19,11,27
97,12,13,14,20,21,22,28,29,19,11,27
98,12,13,14,20,21,22,28,29,19,11,27
99,12,13,14,20,21,22,28,29,19,11,27
100,12,13,14,20,21,22,28,29,19,11,27
101,12,13,14,20,21,22,28,29,19,11,27
102,12,13,14,20,21,22,28,29,19,11,27
103,12,13,14,20,21,22,28,29,19,11,27
104,12,13,14,20,21,22,28,29,19,11,27
105,12,13,14,20,21,22,28,29,19,11,27
106,11,12,13,19,20,21,27,28,29
107,11,12,13,19,20,21,27,28,29
108,11,12,13,19,20,21,27,28,29
109,11,12,13,19,20,21,27,28,29
110,11,12,13,19,20,21,27,28,29
111,11,12,13,19,20,21,27,28,29
112,11,12,13,19,20,21,27,28,29
113,11,12,13,19,20,21,27,28,29
114,11,12,13,19,20,21,27,28,29
115,11,12,13,19,20,21,27,28,29
116,11,12,13,19,20,21,27,28,29
117,11,12,13,19,20,21,27,28,29
118,11,12,13,19,20,21,27,28,29
119,11,12,13,19,20,21,27,28,29
120,11,12,13,19,20,21,27,28,29
121,4,11,12,13,19,20,21,3,5
122,4,11,12,13,19,20,21,3,5
123,4,11,12,13,19,20,21,3,5
124,4,11,12,13,19,20,21,3,5
125,4,11,12,13,19,20,21,3,5
126,4,11,12,13,19,20,21,3,5
127,4,11,12,13,19,20,21,3,5
128,4,11,12,13,19,20,21,3,5
129,4,11,12,13,19,20,21,3,5
130,4,11,12,13,19,20,21,3,5
131,4,11,12,13,19,20,21,3,5
132,4,11,12,13,19,20,21,3,5
133,4,11,12,13,19,20,21,3,5
134,4,11,12,13,19,20,21,3,5
135,4,11,12,13,19,20,21,3,5
136,3,4,5,11,12,13,19,20,21
137,3,4,5,11,12,13,19,20,21
138,3,4,5,11,12,13,19,20,21
139,3,4,5,11,12,13,19,20,21
140,3,4,5,11,12,13,19,20,21
141,3,4,5,11,12,13,19,20,21
142,3,4,5,11,12,13,19,20,21
143,3,4,5,11,12,13,19,20,21
144,3,4,5,11,12,13,19,20,21
145,3,4,5,11,12,13,19,20,21
146,3,4,5,11,12,13,19,20,21
147,3,4,5,11,12,13,19,20,21
148,3,4,5,11,12,13,19,20,21
149,3,4,5,11,12,13,19,20,21
150,3,4,5,11,12,13,19,20,21
151,4,5,3,11,12,13,19,20,21,14,6,22
152,4,5,3,11,12,13,19,20,21,14,6,22
153,4,5,3,11,12,13,19,20,21,14,6,22
154,4,5,3,11,12,13,19,20,21,14,6,22
155,4,5,3,11,12,13,19,20,21,14,6,22
156,4,5,3,11,12,13,19,20,21,14,6,22
157,4,5,3,11,12,13,19,20,21,14,6,22
158,4,5,3,11,12,13,19,20,21,14,6,22
159,4,5,3,11,12,13,19,20,21,14,6,22
160,4,5,3,11,12,13,19,20,21,14,6,22
161,4,5,3,11,12,13,19,20,21,14,6,22
162,4,5,3,11,12,13,19,20,21,14,6,22
163,4,5,3,11,12,13,19,20,21,14,6,22
164,4,5,3,11,12,13,19,20,21,14,6,22
165,4,5,3,11,12,13,19,20,21,14,6,22
166,4,5,6,12,13,14,20,21,22
167,4,5,6,12,13,14,20,21,22
168,4,5,6,12,13,14,20,21,22
169,4,5,6,12,13,14,20,21,22
170,4,5,6,12,13,14,20,21,22
171,4,5,6,12,13,14,20,21,22
172,4,5,6,12,13,14,20,21,22
173,4,5,6,12,13,14,20,21,22
174,4,5,6,12,13,14,20,21,22
175,4,5,6,12,13,14,20,21,22
176,4,5,6,12,13,14,20,21,22
177,4,5,6,12,13,14,20,21,22
178,4,5,6,12,13,14,20,21,22
179,4,5,6,12,13,14,20,21,22
180,4,5,6,12,13,14,20,21,22
181,4,5,6,12,13,14,20,21,22
182,4,5,6,12,13,14,20,21,22
183,4,5,6,12,13,14,20,21,22
184,4,5,6,12,13,14,20,21,22
185,4,5,6,12,13,14,20,21,22
186,4,5,6,12,13,14,20,21,22
187,4,5,6,12,13,14,20,21,22
188,4,5,6,12,13,14,20,21,22
189,4,5,6,12,13,14,20,21,22
190,4,5,6,12,13,14,20,21,22
191,4,5,6,12,13,14,20,21,22
192,4,5,6,12,13,14,20,21,22
193,4,5,6,12,13,14,20,21,22
194,4,5,6,12,13,14,20,21,22
195,4,5,6,12,13,14,20,21,22
196,4,5,6,12,13,14,20,21,22
197,4,5,6,12,13,14,20,21,22
198,4,5,6,12,13,14,20,21,22
199,4,5,6,12,13,14,20,21,22
200,4,5,6,12,13,14,20,21,22
201,4,5,6,12,13,14,20,21,22
202,4,5,6,12,13,14,20,21,22
203,4,5,6,12,13,14,20,21,22
204,4,5,6,12,13,14,20,21,22
205,4,5,6,12,13,14,20,21,22
206,4,5,6,12,13,14,20,21,22
207,4,5,6,12,13,14,20,21,22
208,4,5,6,12,13,14,20,21,22
209,4,5,6,12,13,14,20,21,22
210,4,5,6,12,13,14,20,21,22
211,4,5,6,12,13,14,20,21,22
212,4,5,6,12,13,14,20,21,22
213,4,5,6,12,13,14,20,21,22
214,4,5,6,12,13,14,20,21,22
215,4,5,6,12,13,14,20,21,22
216,4,5,6,12,13,14,20,21,22
217,4,5,6,12,13,14,20,21,22
218,4,5,6,12,13,14,20,21,22
219,4,5,6,12,13,14,20,21,22
220,4,5,6,12,13,14,20,21,22
221,4,5,6,12,13,14,20,21,22
222,4,5,6,12,13,14,20,21,22
223,4,5,6,12,13,14,20,21,22
224,4,5,6,12,13,14,20,21,22
225,4,5,6,12,13,14,20,21,22
226,4,5,6,12,13,14,20,21,22
227,4,5,6,12,13,14,20,21,22
228,4,5,6,12,13,14,20,21,22
229,4,5,6,12,13,14,20,21,22
230,4,5,6,12,13,14,20,21,22
231,4,5,6,12,13,14,20,21,22
232,4,5,6,12,13,14,20,21,22
233,4,5,6,12,13,14,20,21,22
234,4,5,6,12,13,14,20,21,22
235,4,5,6,12,13,14,20,21,22
236,4,5,6,12,13,14,20,21,22
237,4,5,6,12,13,14,20,21,22
238,4,5,6,12,13,14,20,21,22
239,4,5,6,12,13,14,20,21,22
240,4,5,6,12,13,14,20,21,22
241,4,5,6,12,13,14,20,21,22,7,15,23
242,4,5,6,12,13,14,20,21,22,7,15,23
243,4,5,6,12,13,14,20,21,22,7,15,23
244,4,5,6,12,13,14,20,21,22,7,15,23
245,4,5,6,12,13,14,20,21,22,7,15,23
246,4,5,6,12,13,14,20,21,22,7,15,23
247,4,5,6,12,13,14,20,21,22,7,15,23
248,4,5,6,12,13,14,20,21,22,7,15,23
249,4,5,6,12,13,14,20,21,22,7,15,23
250,4,5,6,12,13,14,20,21,22,7,15,23
251,4,5,6,12,13,14,20,21,22,7,15,23
252,4,5,6,12,13,14,20,21,22,7,15,23
253,4,5,6,12,13,14,20,21,22,7,15,23
254,4,5,6,12,13,14,20,21,22,7,15,23
255,4,5,6,12,13,14,20,21,22,7,15,23
256,5,6,7,13,14,15,21,22,23
257,5,6,7,13,14,15,21,22,23
258,5,6,7,13,14,15,21,22,23
259,5,6,7,13,14,15,21,22,23
260,5,6,7,13,14,15,21,22,23
261,5,6,7,13,14,15,21,22,23
262,5,6,7,13,14,15,21,22,23
263,5,6,7,13,14,15,21,22,23
264,5,6,7,13,14,15,21,22,23
265,5,6,7,13,14,15,21,22,23
266,5,6,7,13,14,15,21,22,23
267,5,6,7,13,14,15,21,22,23
268,5,6,7,13,14,15,21,22,23
269,5,6,7,13,14,15,21,22,23
270,5,6,7,13,14,15,21,22,23
271,5,6,7,13,14,15,21,22,23
272,5,6,7,13,14,15,21,22,23
273,5,6,7,13,14,15,21,22,23
274,5,6,7,13,14,15,21,22,23
275,5,6,7,13,14,15,21,22,23
276,5,6,7,13,14,15,21,22,23
277,5,6,7,13,14,15,21,22,23
278,5,6,7,13,14,15,21,22,23
279,5,6,7,13,14,15,21,22,23
280,5,6,7,13,14,15,21,22,23
281,5,6,7,13,14,15,21,22,23
282,5,6,7,13,14,15,21,22,23
283,5,6,7,13,14,15,21,22,23
284,5,6,7,13,14,15,21,22,23
285,5,6,7,13,14,15,21,22,23
286,5,6,7,13,14,15,21,22,23,4,12,20
287,5,6,7,13,14,15,21,22,23,4,12,20
288,5,6,7,13,14,15,21,22,23,4,12,20
289,5,6,7,13,14,15,21,22,23,4,12,20
290,5,6,7,13,14,15,21,22,23,4,12,20
291,5,6,7,13,14,15,21,22,23,4,12,20
292,5,6,7,13,14,15,21,22,23,4,12,20
293,5,6,7,13,14,15,21,22,23,4,12,20
294,5,6,7,13,14,15,21,22,23,4,12,20
295,5,6,7,13,14,15,21,22,23,4,12,20
296,5,6,7,13,14,15,21,22,23,4,12,20
297,5,6,7,13,14,15,21,22,23,4,12,20
298,5,6,7,13,14,15,21,22,23,4,12,20
299,5,6,7,13,14,15,21,22,23,4,12,20
300,5,6,7,13,14,15,21,22,23,4,12,20
301,5,4,6,12,13,14,20,21,22
302,5,4,6,12,13,14,20,21,22
303,5,4,6,12,13,14,20,21,22
304,5,4,6,12,13,14,20,21,22
305,5,4,6,12,13,14,20,21,22
306,5,4,6,12,13,14,20,21,22
307,5,4,6,12,13,14,20,21,22
308,5,4,6,12,13,14,20,21,22
309,5,4,6,12,13,14,20,21,22
310,5,4,6,12,13,14,20,21,22
311,5,4,6,12,13,14,20,21,22
312,5,4,6,12,13,14,20,21,22
313,5,4,6,12,13,14,20,21,22
314,5,4,6,12,13,14,20,21,22
315,5,4,6,12,13,14,20,21,22
316,4,5,12,13,14,20,21,22,11,19
317,4,5,12,13,14,20,21,22,11,19
318,4,5,12,13,14,20,21,22,11,19
319,4,5,12,13,14,20,21,22,11,19
320,4,5,12,13,14,20,21,22,11,19
321,4,5,12,13,14,20,21,22,11,19
322,4,5,12,13,14,20,21,22,11,19
323,4,5,12,13,14,20,21,22,11,19
324,4,5,12,13,14,20,21,22,11,19
325,4,5,12,13,14,20,21,22,11,19
326,4,5,12,13,14,20,21,22,11,19
327,4,5,12,13,14,20,21,22,11,19
328,4,5,12,13,14,20,21,22,11,19
329,4,5,12,13,14,20,21,22,11,19
330,4,5,12,13,14,20,21,22,11,19
331,4,5,11,12,13,19,20,21,14,22
332,4,5,11,12,13,19,20,21,14,22
333,4,5,11,12,13,19,20,21,14,22
334,4,5,11,12,13,19,20,21,14,22
335,4,5,11,12,13,19,20,21,14,22
336,4,5,11,12,13,19,20,21,14,22
337,4,5,11,12,13,19,20,21,14,22
338,4,5,11,12,13,19,20,21,14,22
339,4,5,11,12,13,19,20,21,14,22
340,4,5,11,12,13,19,20,21,14,22
341,4,5,11,12,13,19,20,21,14,22
342,4,5,11,12,13,19,20,21,14,22
343,4,5,11,12,13,19,20,21,14,22
344,4,5,11,12,13,19,20,21,14,22
345,4,5,11,12,13,19,20,21,14,22
346,4,5,12,13,14,20,21,22,6
347,4,5,12,13,14,20,21,22,6
348,4,5,12,13,14,20,21,22,6
349,4,5,12,13,14,20,21,22,6
350,4,5,12,13,14,20,21,22,6
351,4,5,12,13,14,20,21,22,6
352,4,5,12,13,14,20,21,22,6
353,4,5,12,13,14,20,21,22,6
354,4,5,12,13,14,20,21,22,6
355,4,5,12,13,14,20,21,22,6
356,4,5,12,13,14,20,21,22,6
357,4,5,12,13,14,20,21,22,6
358,4,5,12,13,14,20,21,22,6
359,4,5,12,13,14,20,21,22,6
360,4,5,12,13,14,20,21,22,6
361,4,5,6,12,13,14,20,21,22
362,4,5,6,12,13,14,20,21,22
363,4,5,6,12,13,14,20,21,22
364,4,5,6,12,13,14,20,21,22
365,4,5,6,12,13,14,20,21,22
366,4,5,6,12,13,14,20,21,22
367,4,5,6,12,13,14,20,21,22
368,4,5,6,12,13,14,20,21,22
369,4,5,6,12,13,14,20,21,22
370,4,5,6,12,13,14,20,21,22
371,4,5,6,12,13,14,20,21,22
372,4,5,6,12,13,14,20,21,22
373,4,5,6,12,13,14,20,21,22
374,4,5,6,12,13,14,20,21,22
375,4,5,6,12,13,14,20,21,22
376,5,4,6,12,13,14,20,21,22
377,5,4,6,12,13,14,20,21,22
378,5,4,6,12,13,14,20,21,22
379,5,4,6,12,13,14,20,21,22
380,5,4,6,12,13,14,20,21,22
381,5,4,6,12,13,14,20,21,22
382,5,4,6,12,13,14,20,21,22
383,5,4,6,12,13,14,20,21,22
384,5,4,6,12,13,14,20,21,22
385,5,4,6,12,13,14,20,21,22
386,5,4,6,12,13,14,20,21,22
387,5,4,6,12,13,14,20,21,22
388,5,4,6,12,13,14,20,21,22
389,5,4,6,12,13,14,20,21,22
390,5,4,6,12,13,14,20,21,22
391,4,5,6,12,13,14,20,21,22
392,4,5,6,12,13,14,20,21,22
393,4,5,6,12,13,14,20,21,22
394,4,5,6,12,13,14,20,21,22
395,4,5,6,12,13,14,20,21,22
396,4,5,6,12,13,14,20,21,22
397,4,5,6,12,13,14,20,21,22
398,4,5,6,12,13,14,20,21,22
399,4,5,6,12,13,14,20,21,22
400,4,5,6,12,13,14,20,21,22
401,4,5,6,12,13,14,20,21,22
402,4,5,6,12,13,14,20,21,22
403,4,5,6,12,13,14,20,21,22
404,4,5,6,12,13,14,20,21,22
405,4,5,6,12,13,14,20,21,22
406,4,5,6,12,13,14,20,21,22
407,4,5,6,12,13,14,20,21,22
408,4,5,6,12,13,14,20,21,22
409,4,5,6,12,13,14,20,21,22
410,4,5,6,12,13,14,20,21,22
411,4,5,6,12,13,14,20,21,22
412,4,5,6,12,13,14,20,21,22
413,4,5,6,12,13,14,20,21,22
414,4,5,6,12,13,14,20,21,22
415,4,5,6,12,13,14,20,21,22
416,4,5,6,12,13,14,20,21,22
417,4,5,6,12,13,14,20,21,22
418,4,5,6,12,13,14,20,21,22
419,4,5,6,12,13,14,20,21,22
420,4,5,6,12,13,14,20,21,22
421,4,5,6,12,13,14,20,21,22
422,4,5,6,12,13,14,20,21,22
423,4,5,6,12,13,14,20,21,22
424,4,5,6,12,13,14,20,21,22
425,4,5,6,12,13,14,20,21,22
426,4,5,6,12,13,14,20,21,22
427,4,5,6,12,13,14,20,21,22
428,4,5,6,12,13,14,20,21,22
429,4,5,6,12,13,14,20,21,22
430,4,5,6,12,13,14,20,21,22
431,4,5,6,12,13,14,20,21,22
432,4,5,6,12,13,14,20,21,22
433,4,5,6,12,13,14,20,21,22
434,4,5,6,12,13,14,20,21,22
435,4,5,6,12,13,14,20,21,22
436,4,5,6,12,13,14,20,21,22,3,11
437,4,5,6,12,13,14,20,21,22,3,11
438,4,5,6,12,13,14,20,21,22,3,11
439,4,5,6,12,13,14,20,21,22,3,11
440,4,5,6,12,13,14,20,21,22,3,11
441,4,5,6,12,13,14,20,21,22,3,11
442,4,5,6,12,13,14,20,21,22,3,11
443,4,5,6,12,13,14,20,21,22,3,11
444,4,5,6,12,13,14,20,21,22,3,11
445,4,5,6,12,13,14,20,21,22,3,11
446,4,5,6,12,13,14,20,21,22,3,11
447,4,5,6,12,13,14,20,21,22,3,11
448,4,5,6,12,13,14,20,21,22,3,11
449,4,5,6,12,13,14,20,21,22,3,11
450,4,5,6,12,13,14,20,21,22,3,11
451,4,5,6,3,11,12,13,14,20,21,19
452,4,5,6,3,11,12,13,14,20,21,19
453,4,5,6,3,11,12,13,14,20,21,19
454,4,5,6,3,11,12,13,14,20,21,19
455,4,5,6,3,11,12,13,14,20,21,19
456,4,5,6,3,11,12,13,14,20,21,19
457,4,5,6,3,11,12,13,14,20,21,19
458,4,5,6,3,11,12,13,14,20,21,19
459,4,5,6,3,11,12,13,14,20,21,19
460,4,5,6,3,11,12,13,14,20,21,19
461,4,5,6,3,11,12,13,14,20,21,19
462,4,5,6,3,11,12,13,14,20,21,19
463,4,5,6,3,11,12,13,14,20,21,19
464,4,5,6,3,11,12,13,14,20,21,19
465,4,5,6,3,11,12,13,14,20,21,19
466,3,4,5,11,12,13,19,20,21
467,3,4,5,11,12,13,19,20,21
468,3,4,5,11,12,13,19,20,21
469,3,4,5,11,12,13,19,20,21
470,3,4,5,11,12,13,19,20,21
471,3,4,5,11,12,13,19,20,21
472,3,4,5,11,12,13,19,20,21
473,3,4,5,11,12,13,19,20,21
474,3,4,5,11,12,13,19,20,21
475,3,4,5,11,12,13,19,20,21
476,3,4,5,11,12,13,19,20,21
477,3,4,5,11,12,13,19,20,21
478,3,4,5,11,12,13,19,20,21
479,3,4,5,11,12,13,19,20,21
480,3,4,5,11,12,13,19,20,21
481,3,4,5,11,12,13,19,20,21
482,3,4,5,11,12,13,19,20,21
483,3,4,5,11,12,13,19,20,21
484,3,4,5,11,12,13,19,20,21
485,3,4,5,11,12,13,19,20,21
486,3,4,5,11,12,13,19,20,21
487,3,4,5,11,12,13,19,20,21
488,3,4,5,11,12,13,19,20,21
489,3,4,5,11,12,13,19,20,21
490,3,4,5,11,12,13,19,20,21
491,3,4,5,11,12,13,19,20,21
492,3,4,5,11,12,13,19,20,21
493,3,4,5,11,12,13,19,20,21
494,3,4,5,11,12,13,19,20,21
495,3,4,5,11,12,13,19,20,21
496,3,4,5,11,12,13,19,20,21
497,3,4,5,11,12,13,19,20,21
498,3,4,5,11,12,13,19,20,21
499,3,4,5,11,12,13,19,20,21
500,3,4,5,11,12,13,19,20,21
501,3,4,5,11,12,13,19,20,21
502,3,4,5,11,12,13,19,20,21
503,3,4,5,11,12,13,19,20,21
504,3,4,5,11,12,13,19,20,21
505,3,4,5,11,12,13,19,20,21
506,3,4,5,11,12,13,19,20,21
507,3,4,5,11,12,13,19,20,21
508,3,4,5,11,12,13,19,20,21
509,3,4,5,11,12,13,19,20,21
510,3,4,5,11,12,13,19,20,21
511,3,4,5,11,12,13,19,20,21
512,3,4,5,11,12,13,19,20,21
513,3,4,5,11,12,13,19,20,21
514,3,4,5,11,12,13,19,20,21
515,3,4,5,11,12,13,19,20,21
516,3,4,5,11,12,13,19,20,21
517,3,4,5,11,12,13,19,20,21
518,3,4,5,11,12,13,19,20,21
519,3,4,5,11,12,13,19,20,21
520,3,4,5,11,12,13,19,20,21
521,3,4,5,11,12,13,19,20,21
522,3,4,5,11,12,13,19,20,21
523,3,4,5,11,12,13,19,20,21
524,3,4,5,11,12,13,19,20,21
525,3,4,5,11,12,13,19,20,21
526,4,5,3,11,12,13,19,20,21
527,4,5,3,11,12,13,19,20,21
528,4,5,3,11,12,13,19,20,21
529,4,5,3,11,12,13,19,20,21
530,4,5,3,11,12,13,19,20,21
531,4,5,3,11,12,13,19,20,21
532,4,5,3,11,12,13,19,20,21
533,4,5,3,11,12,13,19,20,21
534,4,5,3,11,12,13,19,20,21
535,4,5,3,11,12,13,19,20,21
536,4,5,3,11,12,13,19,20,21
537,4,5,3,11,12,13,19,20,21
538,4,5,3,11,12,13,19,20,21
539,4,5,3,11,12,13,19,20,21
540,4,5,3,11,12,13,19,20,21
541,3,4,5,11,12,13,19,20,21
542,3,4,5,11,12,13,19,20,21
543,3,4,5,11,12,13,19,20,21
544,3,4,5,11,12,13,19,20,21
545,3,4,5,11,12,13,19,20,21
546,3,4,5,11,12,13,19,20,21
547,3,4,5,11,12,13,19,20,21
548,3,4,5,11,12,13,19,20,21
549,3,4,5,11,12,13,19,20,21
550,3,4,5,11,12,13,19,20,21
551,3,4,5,11,12,13,19,20,21
552,3,4,5,11,12,13,19,20,21
553,3,4,5,11,12,13,19,20,21
554,3,4,5,11,12,13,19,20,21
555,3,4,5,11,12,13,19,20,21
556,3,4,5,11,12,13,19,20,21,10,18,2
557,3,4,5,11,12,13,19,20,21,10,18,2
558,3,4,5,11,12,13,19,20,21,10,18,2
559,3,4,5,11,12,13,19,20,21,10,18,2
560,3,4,5,11,12,13,19,20,21,10,18,2
561,3,4,5,11,12,13,19,20,21,10,18,2
562,3,4,5,11,12,13,19,20,21,10,18,2
563,3,4,5,11,12,13,19,20,21,10,18,2
564,3,4,5,11,12,13,19,20,21,10,18,2
565,3,4,5,11,12,13,19,20,21,10,18,2
566,3,4,5,11,12,13,19,20,21,10,18,2
567,3,4,5,11,12,13,19,20,21,10,18,2
568,3,4,5,11,12,13,19,20,21,10,18,2
569,3,4,5,11,12,13,19,20,21,10,18,2
570,3,4,5,11,12,13,19,20,21,10,18,2
571,2,3,10,11,12,18,19,20,9,17
572,2,3,10,11,12,18,19,20,9,17
573,2,3,10,11,12,18,19,20,9,17
574,2,3,10,11,12,18,19,20,9,17
575,2,3,10,11,12,18,19,20,9,17
576,2,3,10,11,12,18,19,20,9,17
577,2,3,10,11,12,18,19,20,9,17
578,2,3,10,11,12,18,19,20,9,17
579,2,3,10,11,12,18,19,20,9,17
580,2,3,10,11,12,18,19,20,9,17
581,2,3,10,11,12,18,19,20,9,17
582,2,3,10,11,12,18,19,20,9,17
583,2,3,10,11,12,18,19,20,9,17
584,2,3,10,11,12,18,19,20,9,17
585,2,3,10,11,12,18,19,20,9,17
586,2,3,9,10,11,17,18,19,26
587,2,3,9,10,11,17,18,19,26
588,2,3,9,10,11,17,18,19,26
589,2,3,9,10,11,17,18,19,26
590,2,3,9,10,11,17,18,19,26
591,2,3,9,10,11,17,18,19,26
592,2,3,9,10,11,17,18,19,26
593,2,3,9,10,11,17,18,19,26
594,2,3,9,10,11,17,18,19,26
595,2,3,9,10,11,17,18,19,26
596,2,3,9,10,11,17,18,19,26
597,2,3,9,10,11,17,18,19,26
598,2,3,9,10,11,17,18,19,26
599,2,3,9,10,11,17,18,19,26
600,2,3,9,10,11,17,18,19,26
601,2,9,10,11,17,18,19,3
602,2,9,10,11,17,18,19,3
603,2,9,10,11,17,18,19,3
604,2,9,10,11,17,18,19,3
605,2,9,10,11,17,18,19,3
606,2,9,10,11,17,18,19,3
607,2,9,10,11,17,18,19,3
608,2,9,10,11,17,18,19,3
609,2,9,10,11,17,18,19,3
610,2,9,10,11,17,18,19,3
611,2,9,10,11,17,18,19,3
612,2,9,10,11,17,18,19,3
613,2,9,10,11,17,18,19,3
614,2,9,10,11,17,18,19,3
615,2,9,10,11,17,18,19,3
616,2,3,9,10,11,17,18,19,26,27
617,2,3,9,10,11,17,18,19,26,27
618,2,3,9,10,11,17,18,19,26,27
619,2,3,9,10,11,17,18,19,26,27
620,2,3,9,10,11,17,18,19,26,27
621,2,3,9,10,11,17,18,19,26,27
622,2,3,9,10,11,17,18,19,26,27
623,2,3,9,10,11,17,18,19,26,27
624,2,3,9,10,11,17,18,19,26,27
625,2,3,9,10,11,17,18,19,26,27
626,2,3,9,10,11,17,18,19,26,27
627,2,3,9,10,11,17,18,19,26,27
628,2,3,9,10,11,17,18,19,26,27
629,2,3,9,10,11,17,18,19,26,27
630,2,3,9,10,11,17,18,19,26,27
631,9,10,11,17,18,19,26,27,2,3
632,9,10,11,17,18,19,26,27,2,3
633,9,10,11,17,18,19,26,27,2,3
634,9,10,11,17,18,19,26,27,2,3
635,9,10,11,17,18,19,26,27,2,3
636,9,10,11,17,18,19,26,27,2,3
637,9,10,11,17,18,19,26,27,2,3
638,9,10,11,17,18,19,26,27,2,3
639,9,10,11,17,18,19,26,27,2,3
640,9,10,11,17,18,19,26,27,2,3
641,9,10,11,17,18,19,26,27,2,3
642,9,10,11,17,18,19,26,27,2,3
643,9,10,11,17,18,19,26,27,2,3
644,9,10,11,17,18,19,26,27,2,3
645,9,10,11,17,18,19,26,27,2,3
646,2,3,10,11,9,17,18,19,12,20,4
647,2,3,10,11,9,17,18,19,12,20,4
648,2,3,10,11,9,17,18,19,12,20,4
649,2,3,10,11,9,17,18,19,12,20,4
650,2,3,10,11,9,17,18,19,12,20,4
651,2,3,10,11,9,17,18,19,12,20,4
652,2,3,10,11,9,17,18,19,12,20,4
653,2,3,10,11,9,17,18,19,12,20,4
654,2,3,10,11,9,17,18,19,12,20,4
655,2,3,10,11,9,17,18,19,12,20,4
656,2,3,10,11,9,17,18,19,12,20,4
657,2,3,10,11,9,17,18,19,12,20,4
658,2,3,10,11,9,17,18,19,12,20,4
659,2,3,10,11,9,17,18,19,12,20,4
660,2,3,10,11,9,17,18,19,12,20,4
661,3,4,10,11,12,18,19,20,13,21,5
662,3,4,10,11,12,18,19,20,13,21,5
663,3,4,10,11,12,18,19,20,13,21,5
664,3,4,10,11,12,18,19,20,13,21,5
665,3,4,10,11,12,18,19,20,13,21,5
666,3,4,10,11,12,18,19,20,13,21,5
667,3,4,10,11,12,18,19,20,13,21,5
668,3,4,10,11,12,18,19,20,13,21,5
669,3,4,10,11,12,18,19,20,13,21,5
670,3,4,10,11,12,18,19,20,13,21,5
671,3,4,10,11,12,18,19,20,13,21,5
672,3,4,10,11,12,18,19,20,13,21,5
673,3,4,10,11,12,18,19,20,13,21,5
674,3,4,10,11,12,18,19,20,13,21,5
675,3,4,10,11,12,18,19,20,13,21,5
676,3,4,5,11,12,13,19,20,21,14,6,22
677,3,4,5,11,12,13,19,20,21,14,6,22
678,3,4,5,11,12,13,19,20,21,14,6,22
679,3,4,5,11,12,13,19,20,21,14,6,22
680,3,4,5,11,12,13,19,20,21,14,6,22
681,3,4,5,11,12,13,19,20,21,14,6,22
682,3,4,5,11,12,13,19,20,21,14,6,22
683,3,4,5,11,12,13,19,20,21,14,6,22
684,3,4,5,11,12,13,19,20,21,14,6,22
685,3,4,5,11,12,13,19,20,21,14,6,22
686,3,4,5,11,12,13,19,20,21,14,6,22
687,3,4,5,11,12,13,19,20,21,14,6,22
688,3,4,5,11,12,13,19,20,21,14,6,22
689,3,4,5,11,12,13,19,20,21,14,6,22
690,3,4,5,11,12,13,19,20,21,14,6,22
691,4,5,6,12,13,14,20,21,22
692,4,5,6,12,13,14,20,21,22
693,4,5,6,12,13,14,20,21,22
694,4,5,6,12,13,14,20,21,22
695,4,5,6,12,13,14,20,21,22
696,4,5,6,12,13,14,20,21,22
697,4,5,6,12,13,14,20,21,22
698,4,5,6,12,13,14,20,21,22
699,4,5,6,12,13,14,20,21,22
700,4,5,6,12,13,14,20,21,22
701,4,5,6,12,13,14,20,21,22
702,4,5,6,12,13,14,20,21,22
703,4,5,6,12,13,14,20,21,22
704,4,5,6,12,13,14,20,21,22
705,4,5,6,12,13,14,20,21,22
706,5,6,4,12,13,14,20,21,22,7,15,23
707,5,6,4,12,13,14,20,21,22,7,15,23
708,5,6,4,12,13,14,20,21,22,7,15,23
709,5,6,4,12,13,14,20,21,22,7,15,23
710,5,6,4,12,13,14,20,21,22,7,15,23
711,5,6,4,12,13,14,20,21,22,7,15,23
712,5,6,4,12,13,14,20,21,22,7,15,23
713,5,6,4,12,13,14,20,21,22,7,15,23
714,5,6,4,12,13,14,20,21,22,7,15,23
715,5,6,4,12,13,14,20,21,22,7,15,23
716,5,6,4,12,13,14,20,21,22,7,15,23
717,5,6,4,12,13,14,20,21,22,7,15,23
718,5,6,4,12,13,14,20,21,22,7,15,23
719,5,6,4,12,13,14,20,21,22,7,15,23
720,5,6,4,12,13,14,20,21,22,7,15,23
721,5,6,7,13,14,15,21,22,23,12
722,5,6,7,13,14,15,21,22,23,12
723,5,6,7,13,14,15,21,22,23,12
724,5,6,7,13,14,15,21,22,23,12
725,5,6,7,13,14,15,21,22,23,12
726,5,6,7,13,14,15,21,22,23,12
727,5,6,7,13,14,15,21,22,23,12
728,5,6,7,13,14,15,21,22,23,12
729,5,6,7,13,14,15,21,22,23,12
730,5,6,7,13,14,15,21,22,23,12
731,5,6,7,13,14,15,21,22,23,12
732,5,6,7,13,14,15,21,22,23,12
733,5,6,7,13,14,15,21,22,23,12
734,5,6,7,13,14,15,21,22,23,12
735,5,6,7,13,14,15,21,22,23,12
736,5,6,12,13,14,15,21,22,4,20
737,5,6,12,13,14,15,21,22,4,20
738,5,6,12,13,14,15,21,22,4,20
739,5,6,12,13,14,15,21,22,4,20
740,5,6,12,13,14,15,21,22,4,20
741,5,6,12,13,14,15,21,22,4,20
742,5,6,12,13,14,15,21,22,4,20
743,5,6,12,13,14,15,21,22,4,20
744,5,6,12,13,14,15,21,22,4,20
745,5,6,12,13,14,15,21,22,4,20
746,5,6,12,13,14,15,21,22,4,20
747,5,6,12,13,14,15,21,22,4,20
748,5,6,12,13,14,15,21,22,4,20
749,5,6,12,13,14,15,21,22,4,20
750,5,6,12,13,14,15,21,22,4,20
751,5,6,4,12,13,14,20,21,22
752,5,6,4,12,13,14,20,21,22
753,5,6,4,12,13,14,20,21,22
754,5,6,4,12,13,14,20,21,22
755,5,6,4,12,13,14,20,21,22
756,5,6,4,12,13,14,20,21,22
757,5,6,4,12,13,14,20,21,22
758,5,6,4,12,13,14,20,21,22
759,5,6,4,12,13,14,20,21,22
760,5,6,4,12,13,14,20,21,22
761,5,6,4,12,13,14,20,21,22
762,5,6,4,12,13,14,20,21,22
763,5,6,4,12,13,14,20,21,22
764,5,6,4,12,13,14,20,21,22
765,5,6,4,12,13,14,20,21,22
766,5,4,6,12,13,14,20,21,22
767,5,4,6,12,13,14,20,21,22
768,5,4,6,12,13,14,20,21,22
769,5,4,6,12,13,14,20,21,22
770,5,4,6,12,13,14,20,21,22
771,5,4,6,12,13,14,20,21,22
772,5,4,6,12,13,14,20,21,22
773,5,4,6,12,13,14,20,21,22
774,5,4,6,12,13,14,20,21,22
775,5,4,6,12,13,14,20,21,22
776,5,4,6,12,13,14,20,21,22
777,5,4,6,12,13,14,20,21,22
778,5,4,6,12,13,14,20,21,22
779,5,4,6,12,13,14,20,21,22
780,5,4,6,12,13,14,20,21,22
781,5,12,13,14,20,21,22,29
782,5,12,13,14,20,21,22,29
783,5,12,13,14,20,21,22,29
784,5,12,13,14,20,21,22,29
785,5,12,13,14,20,21,22,29
786,5,12,13,14,20,21,22,29
787,5,12,13,14,20,21,22,29
788,5,12,13,14,20,21,22,29
789,5,12,13,14,20,21,22,29
790,5,12,13,14,20,21,22,29
791,5,12,13,14,20,21,22,29
792,5,12,13,14,20,21,22,29
793,5,12,13,14,20,21,22,29
794,5,12,13,14,20,21,22,29
795,5,12,13,14,20,21,22,29
796,12,13,14,20,21,22,29,30,28
797,12,13,14,20,21,22,29,30,28
798,12,13,14,20,21,22,29,30,28
799,12,13,14,20,21,22,29,30,28
800,12,13,14,20,21,22,29,30,28
801,12,13,14,20,21,22,29,30,28
802,12,13,14,20,21,22,29,30,28
803,12,13,14,20,21,22,29,30,28
804,12,13,14,20,21,22,29,30,28
805,12,13,14,20,21,22,29,30,28
806,12,13,14,20,21,22,29,30,28
807,12,13,14,20,21,22,29,30,28
808,12,13,14,20,21,22,29,30,28
809,12,13,14,20,21,22,29,30,28
810,12,13,14,20,21,22,29,30,28
811,13,14,12,20,21,22,28,29,30
812,13,14,12,20,21,22,28,29,30
813,13,14,12,20,21,22,28,29,30
814,13,14,12,20,21,22,28,29,30
815,13,14,12,20,21,22,28,29,30
816,13,14,12,20,21,22,28,29,30
817,13,14,12,20,21,22,28,29,30
818,13,14,12,20,21,22,28,29,30
819,13,14,12,20,21,22,28,29,30
820,13,14,12,20,21,22,28,29,30
821,13,14,12,20,21,22,28,29,30
822,13,14,12,20,21,22,28,29,30
823,13,14,12,20,21,22,28,29,30
824,13,14,12,20,21,22,28,29,30
825,13,14,12,20,21,22,28,29,30
826,13,12,14,20,21,22,28,29,30,23,31
827,13,12,14,20,21,22,28,29,30,23,31
828,13,12,14,20,21,22,28,29,30,23,31
829,13,12,14,20,21,22,28,29,30,23,31
830,13,12,14,20,21,22,28,29,30,23,31
831,13,12,14,20,21,22,28,29,30,23,31
832,13,12,14,20,21,22,28,29,30,23,31
833,13,12,14,20,21,22,28,29,30,23,31
834,13,12,14,20,21,22,28,29,30,23,31
835,13,12,14,20,21,22,28,29,30,23,31
836,13,12,14,20,21,22,28,29,30,23,31
837,13,12,14,20,21,22,28,29,30,23,31
838,13,12,14,20,21,22,28,29,30,23,31
839,13,12,14,20,21,22,28,29,30,23,31
840,13,12,14,20,21,22,28,29,30,23,31
841,13,14,20,21,22,23,28,29,30,31
842,13,14,20,21,22,23,28,29,30,31
843,13,14,20,21,22,23,28,29,30,31
844,13,14,20,21,22,23,28,29,30,31
845,13,14,20,21,22,23,28,29,30,31
846,13,14,20,21,22,23,28,29,30,31
847,13,14,20,21,22,23,28,29,30,31
848,13,14,20,21,22,23,28,29,30,31
849,13,14,20,21,22,23,28,29,30,31
850,13,14,20,21,22,23,28,29,30,31
851,13,14,20,21,22,23,28,29,30,31
852,13,14,20,21,22,23,28,29,30,31
853,13,14,20,21,22,23,28,29,30,31
854,13,14,20,21,22,23,28,29,30,31
855,13,14,20,21,22,23,28,29,30,31
856,13,14,20,21,22,23,28,29,30,31
857,13,14,20,21,22,23,28,29,30,31
858,13,14,20,21,22,23,28,29,30,31
859,13,14,20,21,22,23,28,29,30,31
860,13,14,20,21,22,23,28,29,30,31
861,13,14,20,21,22,23,28,29,30,31
862,13,14,20,21,22,23,28,29,30,31
863,13,14,20,21,22,23,28,29,30,31
864,13,14,20,21,22,23,28,29,30,31
865,13,14,20,21,22,23,28,29,30,31
866,13,14,20,21,22,23,28,29,30,31
867,13,14,20,21,22,23,28,29,30,31
868,13,14,20,21,22,23,28,29,30,31
869,13,14,20,21,22,23,28,29,30,31
870,13,14,20,21,22,23,28,29,30,31
871,13,14,20,21,22,23,28,29,30,31
872,13,14,20,21,22,23,28,29,30,31
873,13,14,20,21,22,23,28,29,30,31
874,13,14,20,21,22,23,28,29,30,31
875,13,14,20,21,22,23,28,29,30,31
876,13,14,20,21,22,23,28,29,30,31
877,13,14,20,21,22,23,28,29,30,31
878,13,14,20,21,22,23,28,29,30,31
879,13,14,20,21,22,23,28,29,30,31
880,13,14,20,21,22,23,28,29,30,31
881,13,14,20,21,22,23,28,29,30,31
882,13,14,20,21,22,23,28,29,30,31
883,13,14,20,21,22,23,28,29,30,31
884,13,14,20,21,22,23,28,29,30,31
885,13,14,20,21,22,23,28,29,30,31
886,13,14,20,21,22,23,28,29,30,31
887,13,14,20,21,22,23,28,29,30,31
888,13,14,20,21,22,23,28,29,30,31
889,13,14,20,21,22,23,28,29,30,31
890,13,14,20,21,22,23,28,29,30,31
891,13,14,20,21,22,23,28,29,30,31
892,13,14,20,21,22,23,28,29,30,31
893,13,14,20,21,22,23,28,29,30,31
894,13,14,20,21,22,23,28,29,30,31
895,13,14,20,21,22,23,28,29,30,31
896,13,14,20,21,22,23,28,29,30,31
897,13,14,20,21,22,23,28,29,30,31
898,13,14,20,21,22,23,28,29,30,31
899,13,14,20,21,22,23,28,29,30,31
900,13,14,20,21,22,23,28,29,30,31
901,13,14,20,21,22,23,28,29,30,31
902,13,14,20,21,22,23,28,29,30,31
903,13,14,20,21,22,23,28,29,30,31
904,13,14,20,21,22,23,28,29,30,31
905,13,14,20,21,22,23,28,29,30,31
906,13,14,20,21,22,23,28,29,30,31
907,13,14,20,21,22,23,28,29,30,31
908,13,14,20,21,22,23,28,29,30,31
909,13,14,20,21,22,23,28,29,30,31
910,13,14,20,21,22,23,28,29,30,31
911,13,14,20,21,22,23,28,29,30,31
912,13,14,20,21,22,23,28,29,30,31
913,13,14,20,21,22,23,28,29,30,31
914,13,14,20,21,22,23,28,29,30,31
915,13,14,20,21,22,23,28,29,30,31
916,13,14,20,21,22,23,28,29,30,31,27,12,19
917,13,14,20,21,22,23,28,29,30,31,27,12,19
918,13,14,20,21,22,23,28,29,30,31,27,12,19
919,13,14,20,21,22,23,28,29,30,31,27,12,19
920,13,14,20,21,22,23,28,29,30,31,27,12,19
921,13,14,20,21,22,23,28,29,30,31,27,12,19
922,13,14,20,21,22,23,28,29,30,31,27,12,19
923,13,14,20,21,22,23,28,29,30,31,27,12,19
924,13,14,20,21,22,23,28,29,30,31,27,12,19
925,13,14,20,21,22,23,28,29,30,31,27,12,19
926,13,14,20,21,22,23,28,29,30,31,27,12,19
927,13,14,20,21,22,23,28,29,30,31,27,12,19
928,13,14,20,21,22,23,28,29,30,31,27,12,19
929,13,14,20,21,22,23,28,29,30,31,27,12,19
930,13,14,20,21,22,23,28,29,30,31,27,12,19
931,12,13,20,21,22,19,27,28,29,30
932,12,13,20,21,22,19,27,28,29,30
933,12,13,20,21,22,19,27,28,29,30
934,12,13,20,21,22,19,27,28,29,30
935,12,13,20,21,22,19,27,28,29,30
936,12,13,20,21,22,19,27,28,29,30
937,12,13,20,21,22,19,27,28,29,30
938,12,13,20,21,22,19,27,28,29,30
939,12,13,20,21,22,19,27,28,29,30
940,12,13,20,21,22,19,27,28,29,30
941,12,13,20,21,22,19,27,28,29,30
942,12,13,20,21,22,19,27,28,29,30
943,12,13,20,21,22,19,27,28,29,30
944,12,13,20,21,22,19,27,28,29,30
945,12,13,20,21,22,19,27,28,29,30
946,12,13,19,20,21,22,27,28,29,30
947,12,13,19,20,21,22,27,28,29,30
948,12,13,19,20,21,22,27,28,29,30
949,12,13,19,20,21,22,27,28,29,30
950,12,13,19,20,21,22,27,28,29,30
951,12,13,19,20,21,22,27,28,29,30
952,12,13,19,20,21,22,27,28,29,30
953,12,13,19,20,21,22,27,28,29,30
954,12,13,19,20,21,22,27,28,29,30
955,12,13,19,20,21,22,27,28,29,30
956,12,13,19,20,21,22,27,28,29,30
957,12,13,19,20,21,22,27,28,29,30
958,12,13,19,20,21,22,27,28,29,30
959,12,13,19,20,21,22,27,28,29,30
960,12,13,19,20,21,22,27,28,29,30
961,12,13,19,20,21,22,27,28,29,30
962,12,13,19,20,21,22,27,28,29,30
963,12,13,19,20,21,22,27,28,29,30
964,12,13,19,20,21,22,27,28,29,30
965,12,13,19,20,21,22,27,28,29,30
966,12,13,19,20,21,22,27,28,29,30
967,12,13,19,20,21,22,27,28,29,30
968,12,13,19,20,21,22,27,28,29,30
969,12,13,19,20,21,22,27,28,29,30
970,12,13,19,20,21,22,27,28,29,30
971,12,13,19,20,21,22,27,28,29,30
972,12,13,19,20,21,22,27,28,29,30
973,12,13,19,20,21,22,27,28,29,30
974,12,13,19,20,21,22,27,28,29,30
975,12,13,19,20,21,22,27,28,29,30
976,12,13,19,20,21,22,27,28,29,30,25,26,31,32
977,12,13,19,20,21,22,27,28,29,30,25,26,31,32
978,12,13,19,20,21,22,27,28,29,30,25,26,31,32
979,12,13,19,20,21,22,27,28,29,30,25,26,31,32
980,12,13,19,20,21,22,27,28,29,30,25,26,31,32
981,12,13,19,20,21,22,27,28,29,30,25,26,31,32
982,12,13,19,20,21,22,27,28,29,30,25,26,31,32
983,12,13,19,20,21,22,27,28,29,30,25,26,31,32
984,12,13,19,20,21,22,27,28,29,30,25,26,31,32
985,12,13,19,20,21,22,27,28,29,30,25,26,31,32
986,12,13,19,20,21,22,27,28,29,30,25,26,31,32
987,12,13,19,20,21,22,27,28,29,30,25,26,31,32
988,12,13,19,20,21,22,27,28,29,30,25,26,31,32
989,12,13,19,20,21,22,27,28,29,30,25,26,31,32
990,12,13,19,20,21,22,27,28,29,30,25,26,31,32
991,19,20,21,22,26,27,28,29,30,25,31,32
992,19,20,21,22,26,27,28,29,30,25,31,32
993,19,20,21,22,26,27,28,29,30,25,31,32
994,19,20,21,22,26,27,28,29,30,25,31,32
995,19,20,21,22,26,27,28,29,30,25,31,32
996,19,20,21,22,26,27,28,29,30,25,31,32
997,19,20,21,22,26,27,28,29,30,25,31,32
998,19,20,21,22,26,27,28,29,30,25,31,32
999,19,20,21,22,26,27,28,29,30,25,31,32
1000,19,20,21,22,26,27,28,29,30,25,31,32
1001,19,20,21,22,26,27,28,29,30,25,31,32
1002,19,20,21,22,26,27,28,29,30,25,31,32
1003,19,20,21,22,26,27,28,29,30,25,31,32
1004,19,20,21,22,26,27,28,29,30,25,31,32
1005,19,20,21,22,26,27,28,29,30,25,31,32
1006,20,21,19,22,27,28,29,30,31,25,26,32,23,13
1007,20,21,19,22,27,28,29,30,31,25,26,32,23,13
1008,20,21,19,22,27,28,29,30,31,25,26,32,23,13
1009,20,21,19,22,27,28,29,30,31,25,26,32,23,13
1010,20,21,19,22,27,28,29,30,31,25,26,32,23,13
1011,20,21,19,22,27,28,29,30,31,25,26,32,23,13
1012,20,21,19,22,27,28,29,30,31,25,26,32,23,13
1013,20,21,19,22,27,28,29,30,31,25,26,32,23,13
1014,20,21,19,22,27,28,29,30,31,25,26,32,23,13
1015,20,21,19,22,27,28,29,30,31,25,26,32,23,13
1016,20,21,19,22,27,28,29,30,31,25,26,32,23,13
1017,20,21,19,22,27,28,29,30,31,25,26,32,23,13
1018,20,21,19,22,27,28,29,30,31,25,26,32,23,13
1019,20,21,19,22,27,28,29,30,31,25,26,32,23,13
1020,20,21,19,22,27,28,29,30,31,25,26,32,23,13
1021,13,20,21,22,19,23,27,28,29,30,31
1022,13,20,21,22,19,23,27,28,29,30,31
1023,13,20,21,22,19,23,27,28,29,30,31
1024,13,20,21,22,19,23,27,28,29,30,31
1025,13,20,21,22,19,23,27,28,29,30,31
1026,13,20,21,22,19,23,27,28,29,30,31
1027,13,20,21,22,19,23,27,28,29,30,31
1028,13,20,21,22,19,23,27,28,29,30,31
1029,13,20,21,22,19,23,27,28,29,30,31
1030,13,20,21,22,19,23,27,28,29,30,31
1031,13,20,21,22,19,23,27,28,29,30,31
1032,13,20,21,22,19,23,27,28,29,30,31
1033,13,20,21,22,19,23,27,28,29,30,31
1034,13,20,21,22,19,23,27,28,29,30,31
1035,13,20,21,22,19,23,27,28,29,30,31
1036,13,20,21,22,19,23,27,28,29,30,31,14
1037,13,20,21,22,19,23,27,28,29,30,31,14
1038,13,20,21,22,19,23,27,28,29,30,31,14
1039,13,20,21,22,19,23,27,28,29,30,31,14
1040,13,20,21,22,19,23,27,28,29,30,31,14
1041,13,20,21,22,19,23,27,28,29,30,31,14
1042,13,20,21,22,19,23,27,28,29,30,31,14
1043,13,20,21,22,19,23,27,28,29,30,31,14
1044,13,20,21,22,19,23,27,28,29,30,31,14
1045,13,20,21,22,19,23,27,28,29,30,31,14
1046,13,20,21,22,19,23,27,28,29,30,31,14
1047,13,20,21,22,19,23,27,28,29,30,31,14
1048,13,20,21,22,19,23,27,28,29,30,31,14
1049,13,20,21,22,19,23,27,28,29,30,31,14
1050,13,20,21,22,19,23,27,28,29,30,31,14
1051,13,14,20,21,22,23,28,29,30,31
1052,13,14,20,21,22,23,28,29,30,31
1053,13,14,20,21,22,23,28,29,30,31
1054,13,14,20,21,22,23,28,29,30,31
1055,13,14,20,21,22,23,28,29,30,31
1056,13,14,20,21,22,23,28,29,30,31
1057,13,14,20,21,22,23,28,29,30,31
1058,13,14,20,21,22,23,28,29,30,31
1059,13,14,20,21,22,23,28,29,30,31
1060,13,14,20,21,22,23,28,29,30,31
1061,13,14,20,21,22,23,28,29,30,31
1062,13,14,20,21,22,23,28,29,30,31
1063,13,14,20,21,22,23,28,29,30,31
1064,13,14,20,21,22,23,28,29,30,31
1065,13,14,20,21,22,23,28,29,30,31
1066,13,14,20,21,22,23,28,29,30,31
1067,13,14,20,21,22,23,28,29,30,31
1068,13,14,20,21,22,23,28,29,30,31
1069,13,14,20,21,22,23,28,29,30,31
1070,13,14,20,21,22,23,28,29,30,31
1071,13,14,20,21,22,23,28,29,30,31
1072,13,14,20,21,22,23,28,29,30,31
1073,13,14,20,21,22,23,28,29,30,31
1074,13,14,20,21,22,23,28,29,30,31
1075,13,14,20,21,22,23,28,29,30,31
1076,13,14,20,21,22,23,28,29,30,31
1077,13,14,20,21,22,23,28,29,30,31
1078,13,14,20,21,22,23,28,29,30,31
1079,13,14,20,21,22,23,28,29,30,31
1080,13,14,20,21,22,23,28,29,30,31
1081,13,14,20,21,22,23,28,29,30,31
1082,13,14,20,21,22,23,28,29,30,31
1083,13,14,20,21,22,23,28,29,30,31
1084,13,14,20,21,22,23,28,29,30,31
1085,13,14,20,21,22,23,28,29,30,31
1086,13,14,20,21,22,23,28,29,30,31
1087,13,14,20,21,22,23,28,29,30,31
1088,13,14,20,21,22,23,28,29,30,31
1089,13,14,20,21,22,23,28,29,30,31
1090,13,14,20,21,22,23,28,29,30,31
1091,13,14,20,21,22,23,28,29,30,31
1092,13,14,20,21,22,23,28,29,30,31
1093,13,14,20,21,22,23,28,29,30,31
1094,13,14,20,21,22,23,28,29,30,31
1095,13,14,20,21,22,23,28,29,30,31
1096,13,14,20,21,22,23,28,29,30,31,12
1097,13,14,20,21,22,23,28,29,30,31,12
1098,13,14,20,21,22,23,28,29,30,31,12
1099,13,14,20,21,22,23,28,29,30,31,12
1100,13,14,20,21,22,23,28,29,30,31,12
1101,13,14,20,21,22,23,28,29,30,31,12
1102,13,14,20,21,22,23,28,29,30,31,12
1103,13,14,20,21,22,23,28,29,30,31,12
1104,13,14,20,21,22,23,28,29,30,31,12
1105,13,14,20,21,22,23,28,29,30,31,12
1106,13,14,20,21,22,23,28,29,30,31,12
1107,13,14,20,21,22,23,28,29,30,31,12
1108,13,14,20,21,22,23,28,29,30,31,12
1109,13,14,20,21,22,23,28,29,30,31,12
1110,13,14,20,21,22,23,28,29,30,31,12
1111,13,12,14,20,21,22,28,29,30
1112,13,12,14,20,21,22,28,29,30
1113,13,12,14,20,21,22,28,29,30
1114,13,12,14,20,21,22,28,29,30
1115,13,12,14,20,21,22,28,29,30
1116,13,12,14,20,21,22,28,29,30
1117,13,12,14,20,21,22,28,29,30
1118,13,12,14,20,21,22,28,29,30
1119,13,12,14,20,21,22,28,29,30
1120,13,12,14,20,21,22,28,29,30
1121,13,12,14,20,21,22,28,29,30
1122,13,12,14,20,21,22,28,29,30
1123,13,12,14,20,21,22,28,29,30
1124,13,12,14,20,21,22,28,29,30
1125,13,12,14,20,21,22,28,29,30
1126,13,14,12,20,21,22,29,30,23,31,15
1127,13,14,12,20,21,22,29,30,23,31,15
1128,13,14,12,20,21,22,29,30,23,31,15
1129,13,14,12,20,21,22,29,30,23,31,15
1130,13,14,12,20,21,22,29,30,23,31,15
1131,13,14,12,20,21,22,29,30,23,31,15
1132,13,14,12,20,21,22,29,30,23,31,15
1133,13,14,12,20,21,22,29,30,23,31,15
1134,13,14,12,20,21,22,29,30,23,31,15
1135,13,14,12,20,21,22,29,30,23,31,15
1136,13,14,12,20,21,22,29,30,23,31,15
1137,13,14,12,20,21,22,29,30,23,31,15
1138,13,14,12,20,21,22,29,30,23,31,15
1139,13,14,12,20,21,22,29,30,23,31,15
1140,13,14,12,20,21,22,29,30,23,31,15
1141,13,14,15,21,22,23,29,30,31
1142,13,14,15,21,22,23,29,30,31
1143,13,14,15,21,22,23,29,30,31
1144,13,14,15,21,22,23,29,30,31
1145,13,14,15,21,22,23,29,30,31
1146,13,14,15,21,22,23,29,30,31
1147,13,14,15,21,22,23,29,30,31
1148,13,14,15,21,22,23,29,30,31
1149,13,14,15,21,22,23,29,30,31
1150,13,14,15,21,22,23,29,30,31
1151,13,14,15,21,22,23,29,30,31
1152,13,14,15,21,22,23,29,30,31
1153,13,14,15,21,22,23,29,30,31
1154,13,14,15,21,22,23,29,30,31
1155,13,14,15,21,22,23,29,30,31
1156,13,14,15,21,22,23,29,30,31
1157,13,14,15,21,22,23,29,30,31
1158,13,14,15,21,22,23,29,30,31
1159,13,14,15,21,22,23,29,30,31
1160,13,14,15,21,22,23,29,30,31
1161,13,14,15,21,22,23,29,30,31
1162,13,14,15,21,22,23,29,30,31
1163,13,14,15,21,22,23,29,30,31
1164,13,14,15,21,22,23,29,30,31
1165,13,14,15,21,22,23,29,30,31
1166,13,14,15,21,22,23,29,30,31
1167,13,14,15,21,22,23,29,30,31
1168,13,14,15,21,22,23,29,30,31
1169,13,14,15,21,22,23,29,30,31
1170,13,14,15,21,22,23,29,30,31
1171,13,14,15,21,22,23,29,30,31
1172,13,14,15,21,22,23,29,30,31
1173,13,14,15,21,22,23,29,30,31
1174,13,14,15,21,22,23,29,30,31
1175,13,14,15,21,22,23,29,30,31
1176,13,14,15,21,22,23,29,30,31
1177,13,14,15,21,22,23,29,30,31
1178,13,14,15,21,22,23,29,30,31
1179,13,14,15,21,22,23,29,30,31
1180,13,14,15,21,22,23,29,30,31
1181,13,14,15,21,22,23,29,30,31
1182,13,14,15,21,22,23,29,30,31
1183,13,14,15,21,22,23,29,30,31
1184,13,14,15,21,22,23,29,30,31
1185,13,14,15,21,22,23,29,30,31
1186,13,14,15,21,22,23,29,30,31
1187,13,14,15,21,22,23,29,30,31
1188,13,14,15,21,22,23,29,30,31
1189,13,14,15,21,22,23,29,30,31
1190,13,14,15,21,22,23,29,30,31
1191,13,14,15,21,22,23,29,30,31
1192,13,14,15,21,22,23,29,30,31
1193,13,14,15,21,22,23,29,30,31
1194,13,14,15,21,22,23,29,30,31
1195,13,14,15,21,22,23,29,30,31
1196,13,14,15,21,22,23,29,30,31
1197,13,14,15,21,22,23,29,30,31
1198,13,14,15,21,22,23,29,30,31
1199,13,14,15,21,22,23,29,30,31
1200,13,14,15,21,22,23,29,30,31
1201,14,15,13,21,22,23,29,30,31
1202,14,15,13,21,22,23,29,30,31
1203,14,15,13,21,22,23,29,30,31
1204,14,15,13,21,22,23,29,30,31
1205,14,15,13,21,22,23,29,30,31
1206,14,15,13,21,22,23,29,30,31
1207,14,15,13,21,22,23,29,30,31
1208,14,15,13,21,22,23,29,30,31
1209,14,15,13,21,22,23,29,30,31
1210,14,15,13,21,22,23,29,30,31
1211,14,15,13,21,22,23,29,30,31
1212,14,15,13,21,22,23,29,30,31
1213,14,15,13,21,22,23,29,30,31
1214,14,15,13,21,22,23,29,30,31
1215,14,15,13,21,22,23,29,30,31
1216,14,15,13,21,22,23,29,30,31,24,32
1217,14,15,13,21,22,23,29,30,31,24,32
1218,14,15,13,21,22,23,29,30,31,24,32
1219,14,15,13,21,22,23,29,30,31,24,32
1220,14,15,13,21,22,23,29,30,31,24,32
1221,14,15,13,21,22,23,29,30,31,24,32
1222,14,15,13,21,22,23,29,30,31,24,32
1223,14,15,13,21,22,23,29,30,31,24,32
1224,14,15,13,21,22,23,29,30,31,24,32
1225,14,15,13,21,22,23,29,30,31,24,32
1226,14,15,13,21,22,23,29,30,31,24,32
1227,14,15,13,21,22,23,29,30,31,24,32
1228,14,15,13,21,22,23,29,30,31,24,32
1229,14,15,13,21,22,23,29,30,31,24,32
1230,14,15,13,21,22,23,29,30,31,24,32
1231,14,15,22,23,24,21,30,31,32,16
1232,14,15,22,23,24,21,30,31,32,16
1233,14,15,22,23,24,21,30,31,32,16
1234,14,15,22,23,24,21,30,31,32,16
1235,14,15,22,23,24,21,30,31,32,16
1236,14,15,22,23,24,21,30,31,32,16
1237,14,15,22,23,24,21,30,31,32,16
1238,14,15,22,23,24,21,30,31,32,16
1239,14,15,22,23,24,21,30,31,32,16
1240,14,15,22,23,24,21,30,31,32,16
1241,14,15,22,23,24,21,30,31,32,16
1242,14,15,22,23,24,21,30,31,32,16
1243,14,15,22,23,24,21,30,31,32,16
1244,14,15,22,23,24,21,30,31,32,16
1245,14,15,22,23,24,21,30,31,32,16
1246,15,14,22,23,24,21,30,31,32,29
1247,15,14,22,23,24,21,30,31,32,29
1248,15,14,22,23,24,21,30,31,32,29
1249,15,14,22,23,24,21,30,31,32,29
1250,15,14,22,23,24,21,30,31,32,29
1251,15,14,22,23,24,21,30,31,32,29
1252,15,14,22,23,24,21,30,31,32,29
1253,15,14,22,23,24,21,30,31,32,29
1254,15,14,22,23,24,21,30,31,32,29
1255,15,14,22,23,24,21,30,31,32,29
1256,15,14,22,23,24,21,30,31,32,29
1257,15,14,22,23,24,21,30,31,32,29
1258,15,14,22,23,24,21,30,31,32,29
1259,15,14,22,23,24,21,30,31,32,29
1260,15,14,22,23,24,21,30,31,32,29
1261,14,15,22,23,24,21,29,30,31,32,16
1262,14,15,22,23,24,21,29,30,31,32,16
1263,14,15,22,23,24,21,29,30,31,32,16
1264,14,15,22,23,24,21,29,30,31,32,16
1265,14,15,22,23,24,21,29,30,31,32,16
1266,14,15,22,23,24,21,29,30,31,32,16
1267,14,15,22,23,24,21,29,30,31,32,16
1268,14,15,22,23,24,21,29,30,31,32,16
1269,14,15,22,23,24,21,29,30,31,32,16
1270,14,15,22,23,24,21,29,30,31,32,16
1271,14,15,22,23,24,21,29,30,31,32,16
1272,14,15,22,23,24,21,29,30,31,32,16
1273,14,15,22,23,24,21,29,30,31,32,16
1274,14,15,22,23,24,21,29,30,31,32,16
1275,14,15,22,23,24,21,29,30,31,32,16
1276,15,14,16,22,23,24,30,31,32
1277,15,14,16,22,23,24,30,31,32
1278,15,14,16,22,23,24,30,31,32
1279,15,14,16,22,23,24,30,31,32
1280,15,14,16,22,23,24,30,31,32
1281,15,14,16,22,23,24,30,31,32
1282,15,14,16,22,23,24,30,31,32
1283,15,14,16,22,23,24,30,31,32
1284,15,14,16,22,23,24,30,31,32
1285,15,14,16,22,23,24,30,31,32
1286,15,14,16,22,23,24,30,31,32
1287,15,14,16,22,23,24,30,31,32
1288,15,14,16,22,23,24,30,31,32
1289,15,14,16,22,23,24,30,31,32
1290,15,14,16,22,23,24,30,31,32
1291,14,15,16,22,23,24,30,31,21,13
1292,14,15,16,22,23,24,30,31,21,13
1293,14,15,16,22,23,24,30,31,21,13
1294,14,15,16,22,23,24,30,31,21,13
1295,14,15,16,22,23,24,30,31,21,13
1296,14,15,16,22,23,24,30,31,21,13
1297,14,15,16,22,23,24,30,31,21,13
1298,14,15,16,22,23,24,30,31,21,13
1299,14,15,16,22,23,24,30,31,21,13
1300,14,15,16,22,23,24,30,31,21,13
1301,14,15,16,22,23,24,30,31,21,13
1302,14,15,16,22,23,24,30,31,21,13
1303,14,15,16,22,23,24,30,31,21,13
1304,14,15,16,22,23,24,30,31,21,13
1305,14,15,16,22,23,24,30,31,21,13
1306,14,15,13,21,22,23,31,7,6
1307,14,15,13,21,22,23,31,7,6
1308,14,15,13,21,22,23,31,7,6
1309,14,15,13,21,22,23,31,7,6
1310,14,15,13,21,22,23,31,7,6
1311,14,15,13,21,22,23,31,7,6
1312,14,15,13,21,22,23,31,7,6
1313,14,15,13,21,22,23,31,7,6
1314,14,15,13,21,22,23,31,7,6
1315,14,15,13,21,22,23,31,7,6
1316,14,15,13,21,22,23,31,7,6
1317,14,15,13,21,22,23,31,7,6
1318,14,15,13,21,22,23,31,7,6
1319,14,15,13,21,22,23,31,7,6
1320,14,15,13,21,22,23,31,7,6
1321,6,7,13,14,15,21,22,23
1322,6,7,13,14,15,21,22,23
1323,6,7,13,14,15,21,22,23
1324,6,7,13,14,15,21,22,23
1325,6,7,13,14,15,21,22,23
1326,6,7,13,14,15,21,22,23
1327,6,7,13,14,15,21,22,23
1328,6,7,13,14,15,21,22,23
1329,6,7,13,14,15,21,22,23
1330,6,7,13,14,15,21,22,23
1331,6,7,13,14,15,21,22,23
1332,6,7,13,14,15,21,22,23
1333,6,7,13,14,15,21,22,23
1334,6,7,13,14,15,21,22,23
1335,6,7,13,14,15,21,22,23
1336,6,13,14,15,21,22,23,30,29
1337,6,13,14,15,21,22,23,30,29
1338,6,13,14,15,21,22,23,30,29
1339,6,13,14,15,21,22,23,30,29
1340,6,13,14,15,21,22,23,30,29
1341,6,13,14,15,21,22,23,30,29
1342,6,13,14,15,21,22,23,30,29
1343,6,13,14,15,21,22,23,30,29
1344,6,13,14,15,21,22,23,30,29
1345,6,13,14,15,21,22,23,30,29
1346,6,13,14,15,21,22,23,30,29
1347,6,13,14,15,21,22,23,30,29
1348,6,13,14,15,21,22,23,30,29
1349,6,13,14,15,21,22,23,30,29
1350,6,13,14,15,21,22,23,30,29
1351,13,14,15,21,22,23,29,30
1352,13,14,15,21,22,23,29,30
1353,13,14,15,21,22,23,29,30
1354,13,14,15,21,22,23,29,30
1355,13,14,15,21,22,23,29,30
1356,13,14,15,21,22,23,29,30
1357,13,14,15,21,22,23,29,30
1358,13,14,15,21,22,23,29,30
1359,13,14,15,21,22,23,29,30
1360,13,14,15,21,22,23,29,30
1361,13,14,15,21,22,23,29,30
1362,13,14,15,21,22,23,29,30
1363,13,14,15,21,22,23,29,30
1364,13,14,15,21,22,23,29,30
1365,13,14,15,21,22,23,29,30
1366,13,14,15,21,22,23,29,30,6,5
1367,13,14,15,21,22,23,29,30,6,5
1368,13,14,15,21,22,23,29,30,6,5
1369,13,14,15,21,22,23,29,30,6,5
1370,13,14,15,21,22,23,29,30,6,5
1371,13,14,15,21,22,23,29,30,6,5
1372,13,14,15,21,22,23,29,30,6,5
1373,13,14,15,21,22,23,29,30,6,5
1374,13,14,15,21,22,23,29,30,6,5
1375,13,14,15,21,22,23,29,30,6,5
1376,13,14,15,21,22,23,29,30,6,5
1377,13,14,15,21,22,23,29,30,6,5
1378,13,14,15,21,22,23,29,30,6,5
1379,13,14,15,21,22,23,29,30,6,5
1380,13,14,15,21,22,23,29,30,6,5
1381,5,6,13,14,15,21,22,23
1382,5,6,13,14,15,21,22,23
1383,5,6,13,14,15,21,22,23
1384,5,6,13,14,15,21,22,23
1385,5,6,13,14,15,21,22,23
1386,5,6,13,14,15,21,22,23
1387,5,6,13,14,15,21,22,23
1388,5,6,13,14,15,21,22,23
1389,5,6,13,14,15,21,22,23
1390,5,6,13,14,15,21,22,23
1391,5,6,13,14,15,21,22,23
1392,5,6,13,14,15,21,22,23
1393,5,6,13,14,15,21,22,23
1394,5,6,13,14,15,21,22,23
1395,5,6,13,14,15,21,22,23
1396,5,6,13,14,15,21,22,23
1397,5,6,13,14,15,21,22,23
1398,5,6,13,14,15,21,22,23
1399,5,6,13,14,15,21,22,23
1400,5,6,13,14,15,21,22,23
1401,5,6,13,14,15,21,22,23
1402,5,6,13,14,15,21,22,23
1403,5,6,13,14,15,21,22,23
1404,5,6,13,14,15,21,22,23
1405,5,6,13,14,15,21,22,23
1406,5,6,13,14,15,21,22,23
1407,5,6,13,14,15,21,22,23
1408,5,6,13,14,15,21,22,23
1409,5,6,13,14,15,21,22,23
1410,5,6,13,14,15,21,22,23
1411,5,6,13,14,15,21,22,23,12,20
1412,5,6,13,14,15,21,22,23,12,20
1413,5,6,13,14,15,21,22,23,12,20
1414,5,6,13,14,15,21,22,23,12,20
1415,5,6,13,14,15,21,22,23,12,20
1416,5,6,13,14,15,21,22,23,12,20
1417,5,6,13,14,15,21,22,23,12,20
1418,5,6,13,14,15,21,22,23,12,20
1419,5,6,13,14,15,21,22,23,12,20
1420,5,6,13,14,15,21,22,23,12,20
1421,5,6,13,14,15,21,22,23,12,20
1422,5,6,13,14,15,21,22,23,12,20
1423,5,6,13,14,15,21,22,23,12,20
1424,5,6,13,14,15,21,22,23,12,20
1425,5,6,13,14,15,21,22,23,12,20
1426,5,6,13,14,12,20,21,22,15,23
1427,5,6,13,14,12,20,21,22,15,23
1428,5,6,13,14,12,20,21,22,15,23
1429,5,6,13,14,12,20,21,22,15,23
1430,5,6,13,14,12,20,21,22,15,23
1431,5,6,13,14,12,20,21,22,15,23
1432,5,6,13,14,12,20,21,22,15,23
1433,5,6,13,14,12,20,21,22,15,23
1434,5,6,13,14,12,20,21,22,15,23
1435,5,6,13,14,12,20,21,22,15,23
1436,5,6,13,14,12,20,21,22,15,23
1437,5,6,13,14,12,20,21,22,15,23
1438,5,6,13,14,12,20,21,22,15,23
1439,5,6,13,14,12,20,21,22,15,23
1440,5,6,13,14,12,20,21,22,15,23
1441,5,6,13,14,15,21,22,23,12,20
1442,5,6,13,14,15,21,22,23,12,20
1443,5,6,13,14,15,21,22,23,12,20
1444,5,6,13,14,15,21,22,23,12,20
1445,5,6,13,14,15,21,22,23,12,20
1446,5,6,13,14,15,21,22,23,12,20
1447,5,6,13,14,15,21,22,23,12,20
1448,5,6,13,14,15,21,22,23,12,20
1449,5,6,13,14,15,21,22,23,12,20
1450,5,6,13,14,15,21,22,23,12,20
1451,5,6,13,14,15,21,22,23,12,20
1452,5,6,13,14,15,21,22,23,12,20
1453,5,6,13,14,15,21,22,23,12,20
1454,5,6,13,14,15,21,22,23,12,20
1455,5,6,13,14,15,21,22,23,12,20
1456,5,12,13,14,20,21,22,29,30
1457,5,12,13,14,20,21,22,29,30
1458,5,12,13,14,20,21,22,29,30
1459,5,12,13,14,20,21,22,29,30
1460,5,12,13,14,20,21,22,29,30
1461,5,12,13,14,20,21,22,29,30
1462,5,12,13,14,20,21,22,29,30
1463,5,12,13,14,20,21,22,29,30
1464,5,12,13,14,20,21,22,29,30
1465,5,12,13,14,20,21,22,29,30
1466,5,12,13,14,20,21,22,29,30
1467,5,12,13,14,20,21,22,29,30
1468,5,12,13,14,20,21,22,29,30
1469,5,12,13,14,20,21,22,29,30
1470,5,12,13,14,20,21,22,29,30
1471,12,13,14,20,21,22,29,30,28
1472,12,13,14,20,21,22,29,30,28
1473,12,13,14,20,21,22,29,30,28
1474,12,13,14,20,21,22,29,30,28
1475,12,13,14,20,21,22,29,30,28
1476,12,13,14,20,21,22,29,30,28
1477,12,13,14,20,21,22,29,30,28
1478,12,13,14,20,21,22,29,30,28
1479,12,13,14,20,21,22,29,30,28
1480,12,13,14,20,21,22,29,30,28
1481,12,13,14,20,21,22,29,30,28
1482,12,13,14,20,21,22,29,30,28
1483,12,13,14,20,21,22,29,30,28
1484,12,13,14,20,21,22,29,30,28
1485,12,13,14,20,21,22,29,30,28
1486,13,12,14,20,21,22,28,29,30,23
1487,13,12,14,20,21,22,28,29,30,23
1488,13,12,14,20,21,22,28,29,30,23
1489,13,12,14,20,21,22,28,29,30,23
1490,13,12,14,20,21,22,28,29,30,23
1491,13,12,14,20,21,22,28,29,30,23
1492,13,12,14,20,21,22,28,29,30,23
1493,13,12,14,20,21,22,28,29,30,23
1494,13,12,14,20,21,22,28,29,30,23
1495,13,12,14,20,21,22,28,29,30,23
1496,13,12,14,20,21,22,28,29,30,23
1497,13,12,14,20,21,22,28,29,30,23
1498,13,12,14,20,21,22,28,29,30,23
1499,13,12,14,20,21,22,28,29,30,23
1500,13,12,14,20,21,22,28,29,30,23
1501,13,14,20,21,22,23,28,29,30,31
1502,13,14,20,21,22,23,28,29,30,31
1503,13,14,20,21,22,23,28,29,30,31
1504,13,14,20,21,22,23,28,29,30,31
1505,13,14,20,21,22,23,28,29,30,31
1506,13,14,20,21,22,23,28,29,30,31
1507,13,14,20,21,22,23,28,29,30,31
1508,13,14,20,21,22,23,28,29,30,31
1509,13,14,20,21,22,23,28,29,30,31
1510,13,14,20,21,22,23,28,29,30,31
1511,13,14,20,21,22,23,28,29,30,31
1512,13,14,20,21,22,23,28,29,30,31
1513,13,14,20,21,22,23,28,29,30,31
1514,13,14,20,21,22,23,28,29,30,31
1515,13,14,20,21,22,23,28,29,30,31
1516,13,14,20,21,22,23,28,29,30,31
1517,13,14,20,21,22,23,28,29,30,31
1518,13,14,20,21,22,23,28,29,30,31
1519,13,14,20,21,22,23,28,29,30,31
1520,13,14,20,21,22,23,28,29,30,31
1521,13,14,20,21,22,23,28,29,30,31
1522,13,14,20,21,22,23,28,29,30,31
1523,13,14,20,21,22,23,28,29,30,31
1524,13,14,20,21,22,23,28,29,30,31
1525,13,14,20,21,22,23,28,29,30,31
1526,13,14,20,21,22,23,28,29,30,31
1527,13,14,20,21,22,23,28,29,30,31
1528,13,14,20,21,22,23,28,29,30,31
1529,13,14,20,21,22,23,28,29,30,31
1530,13,14,20,21,22,23,28,29,30,31
1531,13,14,20,21,22,23,28,29,30,31
1532,13,14,20,21,22,23,28,29,30,31
1533,13,14,20,21,22,23,28,29,30,31
1534,13,14,20,21,22,23,28,29,30,31
1535,13,14,20,21,22,23,28,29,30,31
1536,13,14,20,21,22,23,28,29,30,31
1537,13,14,20,21,22,23,28,29,30,31
1538,13,14,20,21,22,23,28,29,30,31
1539,13,14,20,21,22,23,28,29,30,31
1540,13,14,20,21,22,23,28,29,30,31
1541,13,14,20,21,22,23,28,29,30,31
1542,13,14,20,21,22,23,28,29,30,31
1543,13,14,20,21,22,23,28,29,30,31
1544,13,14,20,21,22,23,28,29,30,31
1545,13,14,20,21,22,23,28,29,30,31
1546,13,14,20,21,22,23,28,29,30,31,12
1547,13,14,20,21,22,23,28,29,30,31,12
1548,13,14,20,21,22,23,28,29,30,31,12
1549,13,14,20,21,22,23,28,29,30,31,12
1550,13,14,20,21,22,23,28,29,30,31,12
1551,13,14,20,21,22,23,28,29,30,31,12
1552,13,14,20,21,22,23,28,29,30,31,12
1553,13,14,20,21,22,23,28,29,30,31,12
1554,13,14,20,21,22,23,28,29,30,31,12
1555,13,14,20,21,22,23,28,29,30,31,12
1556,13,14,20,21,22,23,28,29,30,31,12
1557,13,14,20,21,22,23,28,29,30,31,12
1558,13,14,20,21,22,23,28,29,30,31,12
1559,13,14,20,21,22,23,28,29,30,31,12
1560,13,14,20,21,22,23,28,29,30,31,12
1561,12,13,14,20,21,22,28,29,30
1562,12,13,14,20,21,22,28,29,30
1563,12,13,14,20,21,22,28,29,30
1564,12,13,14,20,21,22,28,29,30
1565,12,13,14,20,21,22,28,29,30
1566,12,13,14,20,21,22,28,29,30
1567,12,13,14,20,21,22,28,29,30
1568,12,13,14,20,21,22,28,29,30
1569,12,13,14,20,21,22,28,29,30
1570,12,13,14,20,21,22,28,29,30
1571,12,13,14,20,21,22,28,29,30
1572,12,13,14,20,21,22,28,29,30
1573,12,13,14,20,21,22,28,29,30
1574,12,13,14,20,21,22,28,29,30
1575,12,13,14,20,21,22,28,29,30
1576,13,12,14,20,21,22,28,29,30
1577,13,12,14,20,21,22,28,29,30
1578,13,12,14,20,21,22,28,29,30
1579,13,12,14,20,21,22,28,29,30
1580,13,12,14,20,21,22,28,29,30
1581,13,12,14,20,21,22,28,29,30
1582,13,12,14,20,21,22,28,29,30
1583,13,12,14,20,21,22,28,29,30
1584,13,12,14,20,21,22,28,29,30
1585,13,12,14,20,21,22,28,29,30
1586,13,12,14,20,21,22,28,29,30
1587,13,12,14,20,21,22,28,29,30
1588,13,12,14,20,21,22,28,29,30
1589,13,12,14,20,21,22,28,29,30
1590,13,12,14,20,21,22,28,29,30
1591,13,12,14,20,21,22,28,29,30
1592,13,12,14,20,21,22,28,29,30
1593,13,12,14,20,21,22,28,29,30
1594,13,12,14,20,21,22,28,29,30
1595,13,12,14,20,21,22,28,29,30
1596,13,12,14,20,21,22,28,29,30
1597,13,12,14,20,21,22,28,29,30
1598,13,12,14,20,21,22,28,29,30
1599,13,12,14,20,21,22,28,29,30
1600,13,12,14,20,21,22,28,29,30
1601,13,12,14,20,21,22,28,29,30
1602,13,12,14,20,21,22,28,29,30
1603,13,12,14,20,21,22,28,29,30
1604,13,12,14,20,21,22,28,29,30
1605,13,12,14,20,21,22,28,29,30
1606,13,12,14,20,21,22,28,29,30
1607,13,12,14,20,21,22,28,29,30
1608,13,12,14,20,21,22,28,29,30
1609,13,12,14,20,21,22,28,29,30
1610,13,12,14,20,21,22,28,29,30
1611,13,12,14,20,21,22,28,29,30
1612,13,12,14,20,21,22,28,29,30
1613,13,12,14,20,21,22,28,29,30
1614,13,12,14,20,21,22,28,29,30
1615,13,12,14,20,21,22,28,29,30
1616,13,12,14,20,21,22,28,29,30
1617,13,12,14,20,21,22,28,29,30
1618,13,12,14,20,21,22,28,29,30
1619,13,12,14,20,21,22,28,29,30
1620,13,12,14,20,21,22,28,29,30
1621,13,14,12,20,21,22,28,29,30
1622,13,14,12,20,21,22,28,29,30
1623,13,14,12,20,21,22,28,29,30
1624,13,14,12,20,21,22,28,29,30
1625,13,14,12,20,21,22,28,29,30
1626,13,14,12,20,21,22,28,29,30
1627,13,14,12,20,21,22,28,29,30
1628,13,14,12,20,21,22,28,29,30
1629,13,14,12,20,21,22,28,29,30
1630,13,14,12,20,21,22,28,29,30
1631,13,14,12,20,21,22,28,29,30
1632,13,14,12,20,21,22,28,29,30
1633,13,14,12,20,21,22,28,29,30
1634,13,14,12,20,21,22,28,29,30
1635,13,14,12,20,21,22,28,29,30
1636,13,14,12,20,21,22,29,30
1637,13,14,12,20,21,22,29,30
1638,13,14,12,20,21,22,29,30
1639,13,14,12,20,21,22,29,30
1640,13,14,12,20,21,22,29,30
1641,13,14,12,20,21,22,29,30
1642,13,14,12,20,21,22,29,30
1643,13,14,12,20,21,22,29,30
1644,13,14,12,20,21,22,29,30
1645,13,14,12,20,21,22,29,30
1646,13,14,12,20,21,22,29,30
1647,13,14,12,20,21,22,29,30
1648,13,14,12,20,21,22,29,30
1649,13,14,12,20,21,22,29,30
1650,13,14,12,20,21,22,29,30
1651,13,14,12,20,21,22,29,30
1652,13,14,12,20,21,22,29,30
1653,13,14,12,20,21,22,29,30
1654,13,14,12,20,21,22,29,30
1655,13,14,12,20,21,22,29,30
1656,13,14,12,20,21,22,29,30
1657,13,14,12,20,21,22,29,30
1658,13,14,12,20,21,22,29,30
1659,13,14,12,20,21,22,29,30
1660,13,14,12,20,21,22,29,30
1661,13,14,12,20,21,22,29,30
1662,13,14,12,20,21,22,29,30
1663,13,14,12,20,21,22,29,30
1664,13,14,12,20,21,22,29,30
1665,13,14,12,20,21,22,29,30
1666,13,14,12,20,21,22,29,30
1667,13,14,12,20,21,22,29,30
1668,13,14,12,20,21,22,29,30
1669,13,14,12,20,21,22,29,30
1670,13,14,12,20,21,22,29,30
1671,13,14,12,20,21,22,29,30
1672,13,14,12,20,21,22,29,30
1673,13,14,12,20,21,22,29,30
1674,13,14,12,20,21,22,29,30
1675,13,14,12,20,21,22,29,30
1676,13,14,12,20,21,22,29,30
1677,13,14,12,20,21,22,29,30
1678,13,14,12,20,21,22,29,30
1679,13,14,12,20,21,22,29,30
1680,13,14,12,20,21,22,29,30
1681,13,14,12,20,21,22,29,30
1682,13,14,12,20,21,22,29,30
1683,13,14,12,20,21,22,29,30
1684,13,14,12,20,21,22,29,30
1685,13,14,12,20,21,22,29,30
1686,13,14,12,20,21,22,29,30
1687,13,14,12,20,21,22,29,30
1688,13,14,12,20,21,22,29,30
1689,13,14,12,20,21,22,29,30
1690,13,14,12,20,21,22,29,30
1691,13,14,12,20,21,22,29,30
1692,13,14,12,20,21,22,29,30
1693,13,14,12,20,21,22,29,30
1694,13,14,12,20,21,22,29,30
1695,13,14,12,20,21,22,29,30
1696,12,13,14,20,21,22,29,28,30
1697,12,13,14,20,21,22,29,28,30
1698,12,13,14,20,21,22,29,28,30
1699,12,13,14,20,21,22,29,28,30
1700,12,13,14,20,21,22,29,28,30
1701,12,13,14,20,21,22,29,28,30
1702,12,13,14,20,21,22,29,28,30
1703,12,13,14,20,21,22,29,28,30
1704,12,13,14,20,21,22,29,28,30
1705,12,13,14,20,21,22,29,28,30
1706,12,13,14,20,21,22,29,28,30
1707,12,13,14,20,21,22,29,28,30
1708,12,13,14,20,21,22,29,28,30
1709,12,13,14,20,21,22,29,28,30
1710,12,13,14,20,21,22,29,28,30
1711,12,13,14,20,21,22,28,29
1712,12,13,14,20,21,22,28,29
1713,12,13,14,20,21,22,28,29
1714,12,13,14,20,21,22,28,29
1715,12,13,14,20,21,22,28,29
1716,12,13,14,20,21,22,28,29
1717,12,13,14,20,21,22,28,29
1718,12,13,14,20,21,22,28,29
1719,12,13,14,20,21,22,28,29
1720,12,13,14,20,21,22,28,29
1721,12,13,14,20,21,22,28,29
1722,12,13,14,20,21,22,28,29
1723,12,13,14,20,21,22,28,29
1724,12,13,14,20,21,22,28,29
1725,12,13,14,20,21,22,28,29
1726,12,13,14,20,21,22,28,29
1727,12,13,14,20,21,22,28,29
1728,12,13,14,20,21,22,28,29
1729,12,13,14,20,21,22,28,29
1730,12,13,14,20,21,22,28,29
1731,12,13,14,20,21,22,28,29
1732,12,13,14,20,21,22,28,29
1733,12,13,14,20,21,22,28,29
1734,12,13,14,20,21,22,28,29
1735,12,13,14,20,21,22,28,29
1736,12,13,14,20,21,22,28,29
1737,12,13,14,20,21,22,28,29
1738,12,13,14,20,21,22,28,29
1739,12,13,14,20,21,22,28,29
1740,12,13,14,20,21,22,28,29
1741,12,13,14,20,21,22,28,29
1742,12,13,14,20,21,22,28,29
1743,12,13,14,20,21,22,28,29
1744,12,13,14,20,21,22,28,29
1745,12,13,14,20,21,22,28,29
1746,12,13,14,20,21,22,28,29
1747,12,13,14,20,21,22,28,29
1748,12,13,14,20,21,22,28,29
1749,12,13,14,20,21,22,28,29
1750,12,13,14,20,21,22,28,29
1751,12,13,14,20,21,22,28,29
1752,12,13,14,20,21,22,28,29
1753,12,13,14,20,21,22,28,29
1754,12,13,14,20,21,22,28,29
1755,12,13,14,20,21,22,28,29
1756,12,13,14,20,21,22,28,29,5
1757,12,13,14,20,21,22,28,29,5
1758,12,13,14,20,21,22,28,29,5
1759,12,13,14,20,21,22,28,29,5
1760,12,13,14,20,21,22,28,29,5
1761,12,13,14,20,21,22,28,29,5
1762,12,13,14,20,21,22,28,29,5
1763,12,13,14,20,21,22,28,29,5
1764,12,13,14,20,21,22,28,29,5
1765,12,13,14,20,21,22,28,29,5
1766,12,13,14,20,21,22,28,29,5
1767,12,13,14,20,21,22,28,29,5
1768,12,13,14,20,21,22,28,29,5
1769,12,13,14,20,21,22,28,29,5
1770,12,13,14,20,21,22,28,29,5
1771,5,12,13,14,20,21,22,29
1772,5,12,13,14,20,21,22,29
1773,5,12,13,14,20,21,22,29
1774,5,12,13,14,20,21,22,29
1775,5,12,13,14,20,21,22,29
1776,5,12,13,14,20,21,22,29
1777,5,12,13,14,20,21,22,29
1778,5,12,13,14,20,21,22,29
1779,5,12,13,14,20,21,22,29
1780,5,12,13,14,20,21,22,29
1781,5,12,13,14,20,21,22,29
1782,5,12,13,14,20,21,22,29
1783,5,12,13,14,20,21,22,29
1784,5,12,13,14,20,21,22,29
1785,5,12,13,14,20,21,22,29
1786,12,13,14,20,21,22,29,5
1787,12,13,14,20,21,22,29,5
1788,12,13,14,20,21,22,29,5
1789,12,13,14,20,21,22,29,5
1790,12,13,14,20,21,22,29,5
1791,12,13,14,20,21,22,29,5
1792,12,13,14,20,21,22,29,5
1793,12,13,14,20,21,22,29,5
1794,12,13,14,20,21,22,29,5
1795,12,13,14,20,21,22,29,5
1796,12,13,14,20,21,22,29,5
1797,12,13,14,20,21,22,29,5
1798,12,13,14,20,21,22,29,5
1799,12,13,14,20,21,22,29,5
1800,12,13,14,20,21,22,29,5
